{"schema":"ev2-research/1","n_races":30878,"min_train":500,"folds":4,"margin":0.05,"winner":null,"methods":[{"name":"stage1_only","roi":0.6655513028686315,"n_bets":258660,"ci_lo":0.6388394030773971,"ci_hi":0.6916747854326124,"delta_r2":-0.28089126709098644,"r2_model":-0.02393891397438508},{"name":"market_calibrated","roi":0.6552853765619724,"n_bets":2961,"ci_lo":0.4707868963188112,"ci_hi":0.8622087132725431,"delta_r2":-0.0017143303249079755,"r2_model":0.2552380227916934},{"name":"two_stage","roi":0.5917200264959157,"n_bets":4529,"ci_lo":0.47145065135791564,"ci_hi":0.717376904393906,"delta_r2":-0.00931851982324694,"r2_model":0.24763383329335442},{"name":"market_only","roi":0.4238095238095238,"n_bets":42,"ci_lo":0.0,"ci_hi":0.95,"delta_r2":0.0,"r2_model":0.25695235311660136}]}